Time / s,Power / W
0,0.0
1,0.0
2,0.0
3,0.0
4,0.0
5,0.0
6,0.0
7,0.0
8,0.0
9,0.0
10,0.0
11,0.0
12,33.00857668419448
13,688.7097144799762
14,3300.0519120370377
15,5716.713573881172
16,6944.259775908302
17,10830.531790021052
18,14686.955690226812
19,11760.418247980491
20,5479.995545112695
21,3102.4951614964384
22,2933.3438198993094
23,3190.0886913580257
24,5622.922326967593
25,7669.576925621088
26,9057.223858565292
27,13000.697936273538
28,14765.041621913584
29,15035.544911891757
30,12264.73249714458
31,8578.561726311253
32,6984.85310809375
33,6198.9867983801105
34,4764.570242798358
35,2337.1549607172255
36,-2539.6495207856947
37,-9825.148015834584
38,-13095.069534400729
39,-11202.35015384468
40,-9105.267005010677
41,-10538.488134928457
42,-12696.954158569568
43,-10348.403450257681
44,-5221.285509773667
45,-1485.7274693334675
46,-894.2981522633725
47,-1663.6049302340534
48,-1198.0523810394745
49,180.47617811690557
50,424.6462741388483
51,-1615.9042710905362
52,-3834.96523612778
53,-2579.7457110601463
54,-310.79843665933134
55,514.5555555555559
56,596.8600823045268
57,843.7736625514408
58,1118.760116576646
59,2702.448226851851
60,3462.897844457305
61,2032.641115162038
62,1787.8665201260274
63,2156.3349583333343
64,2749.8720414737672
65,2133.836946292486
66,1674.9814300244796
67,3723.7583185490007
68,7741.716394392528
69,11101.682422801401
70,13446.877236523113
71,14149.194123933094
72,12175.918755353601
73,8874.511947568964
74,6991.45838900082
75,6940.214141594265
76,7668.711662075144
77,7395.0236056932035
78,5144.739052404836
79,1654.5666399343743
80,-252.55960648148118
81,-2111.1492338129738
82,-1564.1730651744203
83,724.9475141937354
84,-546.794902408649
85,-1292.2939741774444
86,-1042.1333709109633
87,-562.0571284674454
88,-4317.102680555562
89,-13259.64856941825
90,-17031.683270126025
91,-14380.38395442768
92,-8226.949443206066
93,-4156.045637040847
94,-3600.670781893004
95,-3422.068927700141
96,-1905.1977347774728
97,-714.0696666666665
98,-436.5364223632068
99,-0.0
100,0.0
101,0.0
102,0.0
103,0.0
104,0.0
105,0.0
106,0.0
107,0.0
108,0.0
109,0.0
110,0.0
111,0.0
112,0.0
113,0.0
114,0.0
115,0.0
116,0.0
117,0.0
118,0.0
119,0.0
120,0.0
121,0.0
122,0.0
123,0.0
124,0.0
125,0.0
126,0.0
127,0.0
128,0.0
129,0.0
130,0.0
131,0.0
132,0.0
133,0.0
134,0.0
135,0.0
136,0.0
137,0.0
138,35.75206090916019
139,860.9675292614501
140,4397.687797479899
141,8846.623211612654
142,8932.888360463343
143,5513.299802662036
144,3628.1331409727013
145,5225.677363816495
146,8404.446942386829
147,9914.084168933849
148,8752.364665278255
149,5844.049068891939
150,2090.209213096326
151,-3590.19337602881
152,-11187.36339948178
153,-14147.11466276101
154,-10150.366743253222
155,-4169.254610098976
156,20.72839506172765
157,2443.1889675925927
158,5156.8143633616255
159,7957.155420057919
160,9594.025179976852
161,9915.395569444441
162,8730.00241930299
163,9097.997082304526
164,8741.405994882163
165,7322.8581036689375
166,6475.72556835134
167,8996.155029873498
168,11754.19945983844
169,9408.72363374485
170,2855.197054564842
171,-5157.0770896395325
172,-13318.4473605324
173,-15240.140748837828
174,-9102.973995001237
175,-2099.3512519028163
176,2390.9655483705765
177,6207.119334817004
178,7831.987236835087
179,5243.226023624449
180,2276.0391025758286
181,850.4594928245463
182,-765.004429050448
183,-4442.513518920986
184,-6989.423828510801
185,-6993.748915256822
186,-5669.0003215020615
187,-4079.292789930553
188,-2879.7575881558632
189,-2004.3753870194155
190,-1259.1885427978775
191,-816.6358642237267
192,-417.5062300025714
193,22.96796559451608
194,188.9569751752782
195,432.251028806585
196,596.8600823045268
197,596.8600823045268
198,1008.3827160493827
199,1480.4439601075485
200,1986.9672329865873
201,2623.3170819996953
202,3329.0088091563784
203,5366.445786715535
204,7106.903747046944
205,8092.060009297365
206,10578.638974756135
207,12179.017315045821
208,12020.89506965402
209,14135.464715744552
210,15375.598636793173
211,12578.571285043727
212,10506.112210943453
213,9225.567057291662
214,10080.539898186258
215,12858.106983127092
216,15344.472415123457
217,16142.401175990226
218,15193.588203494131
219,13332.804799592279
220,11219.222991293253
221,8567.05469026017
222,6831.28400906635
223,6536.300585074192
224,6588.513829008545
225,7773.764144242495
226,8267.880821368672
227,7991.384895645196
228,7708.775597222244
229,7015.739618446133
230,5520.286069256296
231,3195.183188597882
232,-1849.829654530563
233,-8279.521563078719
234,-10257.334877502946
235,-7181.034143518522
236,-2625.865663065834
237,-1270.6941028806532
238,-4271.643156073783
239,-9989.622203034507
240,-13480.144173165763
241,-11009.891051585595
242,-9724.034183110902
243,-10187.260990607374
244,-9105.267005010677
245,-10538.488134928457
246,-12696.954158569568
247,-10348.403450257681
248,-5221.285509773667
249,-1485.7274693334675
250,-894.2981522633725
251,-1663.6049302340534
252,-1198.0523810394745
253,180.47617811690557
254,424.6462741388483
255,-1615.9042710905362
256,-2327.420654509124
257,431.48361083724006
258,4370.082300887821
259,7302.77758832257
260,8564.84434863207
261,9351.339487273277
262,11092.332891777645
263,14988.228769478263
264,18378.094839832447
265,18265.534233093756
266,14994.35397376542
267,13500.376921810697
268,13380.287822209366
269,12073.212218106997
270,8129.547146412042
271,2156.5440291114255
272,871.7500246913501
273,-2873.4801618441306
274,-10620.7705157155
275,-13363.820609053508
276,-14346.44903597012
277,-14719.452387136113
278,-17100.10505587706
279,-15230.902930491253
280,-6654.378523872123
281,3130.828305003048
282,11269.409393330383
283,14775.981226204087
284,17245.49162709572
285,18847.74869073169
286,19211.921538618353
287,21001.344301885674
288,22814.662246608732
289,20111.974685501937
290,11889.799724279837
291,3522.282485082305
292,-2283.0397818929896
293,-2938.0622235249184
294,-975.1309386407502
295,1262.3052962963152
296,3177.4953379796348
297,4472.181839506168
298,4835.816813850309
299,3891.1242053921715
300,2593.45616698342
301,959.2736039737795
302,-988.2222279187754
303,-2572.322109872746
304,-4703.520112178021
305,-6082.362255417904
306,-4486.130317081999
307,-1610.7341893004107
308,605.569880427443
309,871.8050148915152
310,34.84977930432121
311,-786.0688590154009
312,-2375.209590465927
313,-4131.013989502362
314,-5244.185185185183
315,-5045.927009907026
316,-4189.536586934154
317,-4700.715231936347
318,-5917.229938271602
319,-5936.020271300104
320,-2872.139877893516
321,-716.0683261697957
322,149.5120596064768
323,320.2939526106004
324,-360.53618229166653
325,624.7972698211937
326,788.7204522629029
327,290.20170202713354
328,-3711.6318937161845
329,-7084.485514248495
330,-3425.053817360637
331,-65.21580943025143
332,-294.53333357386236
333,-393.20343872170747
334,-173.11736213991807
335,-374.69489454732474
336,33.67839821721228
337,719.0306875166707
338,1823.8018550073346
339,4264.458158226643
340,7871.834202808262
341,10223.869835159943
342,7739.78631385507
343,3409.1209538370663
344,2238.783178824208
345,3308.1917197145026
346,3436.031703703706
347,2734.828962829604
348,3536.2578294157674
349,3432.7487530697495
350,2524.3058610849153
351,1567.6375406378602
352,1175.19749345803
353,1169.6038713610676
354,1355.3833694058615
355,1929.457443479944
356,2138.8463274772344
357,1374.221902777775
358,-942.8789818625227
359,-4056.92232830123
360,-4992.799485120406
361,-3696.67148666362
362,-1999.0100089377536
363,-630.0396298606337
364,514.5968400848736
365,1224.4733832947552
366,1801.80905105929
367,3002.8967719859793
368,4653.891820875725
369,4801.009036291627
370,2972.7971510416673
371,478.8370713901275
372,-3949.481738549762
373,-7792.824806905866
374,-7469.25047794496
375,-5003.964839506172
376,-2836.3528442048673
377,-1595.0967340534978
378,-905.4455531812029
379,-540.6285627190979
380,-586.1178271604941
381,-664.7264686380696
382,-568.1494625509639
383,-480.10837484520283
384,-330.1694127919715
385,-98.36875829475306
386,-0.0
387,0.0
388,0.0
389,0.0
390,0.0
391,0.0
392,96.23980630096403
393,721.158110789609
394,2274.6793086419757
395,4676.773941546164
396,7614.6448902391985
397,10636.77479711553
398,11988.895301585597
399,9100.79824060738
400,3849.0894241731485
401,161.84662581923027
402,-2582.9982284593634
403,-4031.247805924683
404,-3455.6405925925947
405,-2965.1936428707545
406,-3139.5840189209903
407,-3096.633942520193
408,-2164.889749035494
409,-649.8727975346746
410,506.83695055774723
411,990.943968145099
412,1200.6073122046946
413,1425.9966423873086
414,2182.2724479333374
415,3532.7224872042166
416,4231.8323544238665
417,3145.052469419204
418,1118.8992790804587
419,-963.6958727328149
420,-1754.0841896052423
421,-748.6847364921528
422,600.7794027777745
423,1958.9514606005182
424,4064.151304831583
425,8061.971981412421
426,14064.133622561347
427,18425.794842040083
428,14818.489033226642
429,6305.375032369301
430,582.0970647457488
431,-1693.4012095717142
432,-1444.8337546034254
433,74.42056608415882
434,283.76345346317424
435,-2247.7994737654362
436,-6172.411836457862
437,-9889.41347498714
438,-12185.231722012652
439,-11671.823849584665
440,-8645.901291730966
441,-4428.774143116046
442,-1483.4564737273286
443,-257.9901356476718
444,-8.143686690291112
445,0.0
446,0.0
447,0.0
448,0.0
449,0.0
450,0.0
451,0.0
452,0.0
453,0.0
454,0.0
455,0.0
456,0.0
457,0.0
458,0.0
459,0.0
460,0.0
461,0.0
462,0.0
463,0.0
464,0.0
465,0.0
466,0.0
467,0.0
468,0.0
469,0.0
470,0.0
471,0.0
472,0.0
473,0.0
474,0.0
475,0.0
476,0.0
477,0.0
478,0.0
479,0.0
480,0.0
481,0.0
482,0.0
483,0.0
484,0.0
485,0.0
486,0.0
487,0.0
488,0.0
489,0.0
490,0.0
491,0.0
492,0.0
493,0.0
494,0.0
495,0.0
496,0.0
497,0.0
498,0.0
499,0.0
500,0.0
501,0.0
502,0.0
503,0.0
504,0.0
505,0.0
506,0.0
507,0.0
508,0.0
509,0.0
510,0.0
511,0.0
512,109.95722742579258
513,1167.2048685532882
514,4532.193139403293
515,8841.55175596327
516,10881.163423868313
517,8241.30323746618
518,3258.191637152776
519,254.07641081533254
520,-1218.750732831787
521,-1865.2794903811368
522,-2298.450172839506
523,-3604.160310223288
524,-5487.941461917485
525,-5856.243104835868
526,-3745.847674592288
527,-1341.998323426307
528,-314.5618617588782
529,-88.72078141670477
530,-0.0
531,0.0
532,0.0
533,26.149866121780217
534,305.0624403292181
535,1033.231607376924
536,2036.4392746532537
537,4789.029975099069
538,10100.821828322665
539,13993.780121780219
540,10260.688259323559
541,3671.5668381939663
542,982.9522977275773
543,-193.86951562499743
544,-1975.916267794544
545,-4173.268430186423
546,-4191.983050475826
547,-2726.5838926873785
548,-1716.369957171162
549,-1183.7877961843647
550,-911.124832171164
551,-368.37787570730416
552,-261.76492290856953
553,-252.84985599327464
554,118.1253624661831
555,475.1239734391661
556,834.5204069096757
557,1303.9964187076105
558,1827.9500468106992
559,3415.022705487444
560,3668.914922518004
561,1450.6911603604633
562,867.7007625552508
563,-997.8685104214289
564,-6509.204393213688
565,-6844.388985880107
566,-3091.5758353909464
567,-0.0
568,0.0
569,0.0
570,0.0
571,0.0
572,0.0
573,0.0
574,0.0
575,0.0
576,0.0
577,0.0
578,0.0
579,0.0
580,0.0
581,0.0
582,0.0
583,0.0
584,0.0
585,0.0
586,0.0
587,0.0
588,0.0
589,0.0
590,0.0
591,0.0
592,0.0
593,0.0
594,0.0
595,0.0
596,0.0
597,0.0
598,0.0
599,0.0
600,0.0
601,192.48635164228014
602,649.1416498842593
603,2538.0537942386827
604,6314.55658670315
605,11134.763690805517
606,16374.6271095679
607,20098.315176504624
608,21187.227085536215
609,21875.248135802463
610,23960.04609495504
611,25149.835147312246
612,20330.623717116287
613,10971.668956597236
614,4065.106775403435
615,2376.7031979333237
616,2367.5886683432504
617,1357.6682886183476
618,-637.1697152301564
619,-2915.049794714977
620,-3518.601001736115
621,-1630.8391068506128
622,1110.2492551440293
623,3231.1041121565927
624,5389.281160991574
625,6721.042765544038
626,5892.499992353011
627,4049.5481443377453
628,3103.0460867245856
629,3418.5467725956464
630,5326.912762233759
631,8302.323870215578
632,10483.526907600297
633,12139.760778742266
634,12895.082428771822
635,11874.136259259274
636,8906.589786827462
637,5359.319675449623
638,3541.761376409842
639,2804.3935175587867
640,2783.789944032457
641,5298.908030997557
642,10109.061786844122
643,11890.108487204223
644,8728.654847736636
645,6889.362469457288
646,7344.799189498065
647,7420.059665140144
648,6718.02800520834
649,4802.03761897241
650,892.0476793171837
651,-5695.415942691642
652,-10441.59936741731
653,-10856.215790149658
654,-13280.455973572527
655,-19106.02095168419
656,-20886.487703703708
657,-15573.448831580557
658,-10061.648075214825
659,-10914.720250316737
660,-15878.00083114235
661,-16950.144166285627
662,-13966.884641396602
663,-7248.5733918419455
664,-2400.0474943248937
665,103.03292181069992
666,2337.7827804093313
667,6944.304736320684
668,12971.101277911139
669,15557.100804145712
670,18453.554488645026
671,15013.379667733576
672,11328.119131992074
673,12039.765432098766
674,12759.175106691055
675,8822.85627190976
676,3922.4423084109703
677,-1052.2107204861034
678,-10417.168659979417
679,-15491.334200938785
680,-16927.721336934155
681,-15236.718850968318
682,-8171.6847448559665
683,-4537.447037268046
684,-1875.5890862268554
685,4087.3738767361147
686,8423.224575810185
687,8820.95639190624
688,9404.650199014539
689,10152.288950312457
690,6913.296558191873
691,3457.5081128472234
692,3696.657829320516
693,5319.192243312759
694,5038.232125578708
695,1254.042547020262
696,-9013.675888888893
697,-11236.066330992317
698,-7797.468770061727
699,-5107.624497878087
700,-1691.698330723216
701,-50.60117040085429
702,812.481159979425
703,956.5140817901215
704,-482.29811405226155
705,-3059.795528437452
706,-4974.314318398967
707,-4519.445645378465
708,-2082.6037396738298
709,926.0781893004105
710,5277.41672016461
711,10138.76093036266
712,7908.369149288885
713,1298.699474489404
714,-3685.717768480415
715,-8309.574290492586
716,-5499.335888948427
717,-966.9259259259263
718,1419.9053497942389
719,4216.048165771224
720,6847.58055174516
721,6789.8770126624195
722,6728.081660017529
723,6439.262755594133
724,8035.851851851854
725,12221.797412761009
726,18504.86292182736
727,20920.5156255144
728,16316.502125000012
729,13008.566871913594
730,7512.638663618341
731,3840.3077203527437
732,3564.5735596707955
733,3877.370752610117
734,4193.00243377534
735,4818.199034919896
736,5763.45677736578
737,5564.4146694696865
738,4104.099832342627
739,6839.140565779313
740,10175.902554205239
741,9192.077763755546
742,6145.007854900164
743,3891.1242053921715
744,3578.281145576136
745,3578.281145576136
746,4893.035656661999
747,6921.857648764962
748,8385.843875000002
749,7542.221596917378
750,4888.5376291152215
751,3180.718699074094
752,1806.376645207001
753,-592.6446040976117
754,-2280.361273945936
755,-3907.4105613473653
756,-9249.970630117828
757,-18113.911805153082
758,-23427.277408500515
759,-22081.606590475436
760,-19061.837560490017
761,-15962.705391782405
762,-10915.473505868007
763,-5558.061219204864
764,-637.7078189300411
765,4150.592419448256
766,7725.495503734187
767,9371.985698833541
768,11172.428710257582
769,14910.817819234879
770,21728.59460989416
771,25832.35222579684
772,27680.65063020834
773,26143.73932285714
774,24114.57200782797
775,26691.89751566311
776,24080.631463460686
777,19776.71261438567
778,18524.050702048564
779,17123.00433483844
780,14648.060506361
781,12400.988756365725
782,10436.47454488643
783,8818.803244791685
784,8446.140415637874
785,10284.442005791809
786,10893.06089482121
787,8332.165406340473
788,6113.232834936057
789,6113.2328349361205
790,7475.95412397122
791,8434.700129050902
792,5327.92129629626
793,-5533.751240359699
794,-20319.247617610174
795,-31638.377210198047
796,-34838.871922325125
797,-29334.07121589459
798,-18568.42484073264
799,-7425.044288001541
800,-196.32157561728374
801,4616.584348996445
802,12527.545169736431
803,22282.807946051948
804,25604.900053802754
805,18869.352846155325
806,9651.416830177857
807,3178.2497166018807
808,-2277.852245691882
809,-6153.573398726841
810,-9783.47246316062
811,-16252.994574588474
812,-20211.991366195594
813,-19842.379301628473
814,-18817.869457364064
815,-17847.23791827894
816,-15157.789994067698
817,-11311.767210583846
818,-5124.979938271603
819,867.7007625552508
820,6356.501543209874
821,11105.566606443379
822,12394.717686937967
823,13028.222875578704
824,12528.287488035363
825,11654.084812242801
826,11959.330417245374
827,11925.536135647668
828,13885.96869793333
829,17124.666078703704
830,17684.346745922878
831,14884.460096905494
832,9502.045426118848
833,6647.105874352235
834,7071.279614909579
835,7184.447302623914
836,6596.356559156398
837,7355.996540599764
838,9236.479134318777
839,9442.816955627957
840,9244.781499164095
841,11254.036609798908
842,13065.95775254584
843,11891.712129174766
844,8620.423243467534
845,6346.094318549002
846,5989.150141460929
847,7198.858376924262
848,10457.551601577981
849,14323.6427290976
850,14755.079248525852
851,11714.589998816406
852,10177.745195447038
853,10318.366754046147
854,9597.371669469689
855,7516.334108989198
856,6230.899269337768
857,10167.720832321205
858,15710.667751736099
859,16127.46675424858
860,13245.021658131423
861,15261.861413446886
862,23718.69859838434
863,23741.877878665124
864,15328.4494041281
865,12486.02808474322
866,16170.794141498998
867,20647.492296162905
868,18051.387136107303
869,10376.258627705382
870,5629.966555748503
871,4008.6215324073964
872,3426.2782244894242
873,2332.9289572664243
874,-311.36349352232645
875,-3437.635215937421
876,-5989.8732023058055
877,-4536.603371768293
878,268.5213302850327
879,4552.659941319896
880,1672.0015051059306
881,-3170.5733667695467
882,1455.5922877610133
883,6119.515470202715
884,6585.907788446858
885,8005.1555400591815
886,8534.724234567904
887,7635.553772500369
888,5770.3861302083615
889,3387.589674366006
890,531.9045112525596
891,-2770.9854430035975
892,-5537.325454522937
893,-5971.451555555562
894,-4204.065345678993
895,-1203.4623574721825
896,2178.7665341435077
897,4280.7268442477225
898,4705.281028061172
899,3419.205643518526
900,1273.1133375128677
901,-2538.753647698032
902,-20992.28667521861
903,-34838.871922325125
904,-29334.07121589459
905,-18568.42484073264
906,-7425.044288001541
907,-196.32157561728374
908,4616.584348996445
909,12527.545169736431
910,22282.807946051948
911,25604.900053802754
912,18869.352846155325
913,13265.95729657018
914,19956.800925925916
915,20454.170717592602
916,13343.66661425708
917,8386.472491388504
918,4298.968123666357
919,6744.62481539352
920,10488.476093047453
921,16539.31475914732
922,19718.915450891152
923,17711.646262924372
924,6525.755899498438
925,-5079.62761027993
926,-3778.5725362011053
927,-808.3358672458696
928,414.56746466096496
929,1638.201084812256
930,2015.9951432351404
931,1986.4117488378206
932,1537.2704528082436
933,-128.09026388887105
934,-2989.5139391670414
935,-3393.7552586424504
936,-1451.845874276024
937,65.90092973631596
938,418.16905381944514
939,9.868338953660528
940,723.9032293857705
941,2559.3694607172174
942,3290.134259259249
943,3648.500186916529
944,4387.869185544797
945,5141.986111111127
946,7773.764144242495
947,10195.05352413883
948,8856.92374537038
949,5473.901484015412
950,71.66934921553036
951,-8676.70662026796
952,-20349.2690408784
953,-28504.83931519586
954,-28527.352550480588
955,-25164.979356481483
956,-21745.361950291015
957,-12306.704963267788
958,-707.7998837281842
959,8907.194654016155
960,18928.017341966264
961,28389.931897595638
962,32198.479389269924
963,29749.976628279324
964,22923.355007335023
965,14539.340156233335
966,7725.402865543083
967,3806.8513472222235
968,2007.981740714545
969,-508.88986661475894
970,-5076.963938383535
971,-13418.842251028806
972,-23981.56396469908
973,-26948.96953073084
974,-23558.594276260766
975,-20114.760802469136
976,-16794.905565131554
977,-10516.886667283474
978,-5882.186252095719
979,-4138.221139917695
980,-2699.717891615702
981,-1680.0484523700652
982,-1277.4758518518522
983,-1240.9769355019243
984,-810.3897918000306
985,-188.12576335781515
986,-0.0
987,0.0
988,0.0
989,0.0
990,0.0
991,0.0
992,0.0
993,0.0
994,0.0
995,0.0
996,0.0
997,0.0
998,0.0
999,0.0
1000,0.0
1001,0.0
1002,0.0
1003,0.0
1004,0.0
1005,0.0
1006,0.0
1007,0.0
1008,0.0
1009,0.0
1010,0.0
1011,0.0
1012,0.0
1013,0.0
1014,0.0
1015,0.0
1016,0.0
1017,0.0
1018,0.0
1019,0.0
1020,0.0
1021,0.0
1022,0.0
1023,0.0
1024,0.0
1025,0.0
1026,0.0
1027,236.29102027130014
1028,2100.745148148148
1029,6910.677623666361
1030,12150.890495751408
1031,14483.844688309706
1032,15035.481315805517
1033,15686.97910442387
1034,16606.555001259814
1035,16244.041340401622
1036,14419.864019509228
1037,13104.808627040939
1038,13753.483434011103
1039,16313.693463953667
1040,18247.079008535275
1041,18301.745046944063
1042,15726.422032476472
1043,11245.717685249492
1044,7102.748908912509
1045,4966.917004115216
1046,4981.34825006908
1047,5374.493885609565
1048,3942.651150265299
1049,275.7284535108035
1050,-4789.998503488887
1051,-8543.638377250512
1052,-10649.294055174525
1053,-12790.403010866768
1054,-15748.626573559677
1055,-19019.258651808497
1056,-21540.481481481478
1057,-20572.384295841435
1058,-15520.75808072321
1059,-11430.317193930041
1060,-7854.20411546687
1061,-3648.8405807232125
1062,-473.09876543209947
1063,1266.0191216397086
1064,3711.634943453742
1065,8386.553419753085
1066,11680.945212303288
1067,8791.93877932099
1068,4362.535253600825
1069,4475.704333333329
1070,7962.780674897122
1071,12276.508444444447
1072,16006.43504166666
1073,20747.99008587915
1074,27391.87802539391
1075,32858.41696346069
1076,33220.79846860472
1077,29898.06953160961
1078,26006.851765432104
1079,24080.366559825598
1080,20555.302975308656
1081,12965.261922363197
1082,4866.670331790118
1083,-3780.581804114755
1084,-8386.490273212457
1085,-4608.1362567134265
1086,1833.5313283226817
1087,5048.894839982478
1088,5466.303908795805
1089,5078.532004115204
1090,4675.239823045267
1091,5885.116366255162
1092,9987.423169303003
1093,15579.496258128058
1094,17371.846704363372
1095,13940.744405864198
1096,9340.50649569663
1097,4563.498114776224
1098,-1591.5384269380666
1099,-8482.730639643833
1100,-9170.426313464499
1101,-2986.1629326298316
1102,4218.286652644409
1103,11934.499082304545
1104,19327.975534846064
1105,21000.80845500637
1106,15082.016633294768
1107,7747.704788773181
1108,1102.7195264441416
1109,-5075.763392644531
1110,-4635.496361072994
1111,2086.167172839496
1112,10925.54140156083
1113,22411.078108920134
1114,29850.544220395608
1115,25241.600518213727
1116,14457.365193549016
1117,5941.057463203456
1118,-1257.2886032021984
1119,-5073.033760352326
1120,-2786.784240547799
1121,365.2808554907679
1122,-127.02826601078968
1123,-5527.972966494721
1124,-14609.719558603909
1125,-25713.63619000774
1126,-33241.84168672839
1127,-33111.02652719429
1128,-29221.97848178631
1129,-22231.075643544715
1130,-15696.60617297288
1131,-12527.897519916462
1132,-11195.1131463001
1133,-10948.298609186862
1134,-10134.47726385079
1135,-7909.524004934459
1136,-4537.697261204942
1137,-1367.62802276711
1138,421.4577923144349
1139,1111.348931686767
1140,1536.3500293590903
1141,2626.6448896009556
1142,5333.43705730834
1143,8978.981583607208
1144,9371.36152102623
1145,5161.68159015394
1146,-1553.1561127876835
1147,-10316.470294736419
1148,-9731.130608539093
1149,-4418.963533436212
1150,-884.6213991769553
1151,596.8600823045268
1152,2160.64609053498
1153,7180.362327786828
1154,15412.16146608749
1155,20294.943600496783
1156,19463.323067691654
1157,21457.63923100519
1158,27503.71329985902
1159,34687.49298409159
1160,38300.25460590277
1161,36846.40134615531
1162,35060.54933388586
1163,35439.78000417954
1164,36377.81770357037
1165,37152.00818518517
1166,29356.66277198595
1167,20550.431310490032
1168,23592.250324862365
1169,26481.87256121404
1170,25653.163789454247
1171,25269.422011638348
1172,24254.75868055554
1173,23107.604842275858
1174,22448.403262114665
1175,21143.951868827164
1176,19727.23975212193
1177,19426.491714608543
1178,20909.928495568016
1179,22497.19189074884
1180,22894.417581597227
1181,22678.477038735084
1182,21165.85419286319
1183,19547.213424613707
1184,18500.55471915244
1185,16768.481643651867
1186,13676.614140715483
1187,11760.976280633195
1188,11760.976280633195
1189,11760.976280633195
1190,11760.976280633195
1191,11760.976280633195
1192,11760.976280633195
1193,11760.976280633195
1194,11760.976280633195
1195,12399.522233994017
1196,12428.442204084802
1197,12428.442204084711
1198,15017.083202353397
1199,17715.08626464386
1200,20473.50076594649
1201,22731.30857291187
1202,21739.993700407755
1203,19331.322714982478
1204,16823.059964029835
1205,14895.716118446107
1206,14262.026589179928
1207,14293.68433333336
1208,14325.39448026456
1209,13689.11867510675
1210,13021.080266327544
1211,13021.080266327544
1212,12353.041857548338
1213,12323.336867095759
1214,12990.689404818724
1215,12990.689404818724
1216,12323.336867095855
1217,11627.017666666656
1218,11598.10340673819
1219,11569.241495675284
1220,10875.82282606741
1221,9493.257382399317
1222,8752.447543514658
1223,8016.2206742802955
1224,8573.261465213518
1225,9832.54431578405
1226,10432.91102637986
1227,10405.668046944085
1228,10351.336007754175
1229,10324.246840175398
1230,9620.702049227884
1231,10216.401258680578
1232,11484.491920134167
1233,11484.491920134076
1234,11456.337178524087
1235,10809.56077248846
1236,9463.9661675836
1237,7480.028535301003
1238,4799.190138679267
1239,2765.738159426886
1240,1988.6814509983276
1241,2494.489311797426
1242,2993.1068533950825
1243,2885.6558641975503
1244,2762.503268749544
1245,3267.1898334357243
1246,2556.8626726418593
1247,1840.6188646738858
1248,1730.9363063914316
1249,1623.5441053192803
1250,2103.4717805046107
1251,2591.980395945251
1252,2497.084894959311
1253,2403.8216434590504
1254,2312.1789963824963
1255,2222.145308668159
1256,2133.7089352542366
1257,2046.858231078996
1258,1961.5815510807874
1259,2425.8782241345984
1260,3443.0352714715455
1261,4464.390458295216
1262,6573.103896888356
1263,8732.225981936323
1264,10375.872508611446
1265,11534.090521364455
1266,11067.177932651273
1267,10571.84612513332
1268,9526.617387345696
1269,7337.316975823032
1270,5658.265878219784
1271,4515.1824213654245
1272,3906.392793917199
1273,4380.588282381198
1274,4867.166428193145
1275,5350.00878259555
1276,6913.3117519933
1277,8512.077184092052
1278,9067.510351642297
1279,9624.357205092107
1280,10206.626890415382
1281,9180.69737094909
1282,8643.660333912083
1283,8665.738291114207
1284,8128.015383020884
1285,7052.5695668343105
1286,5939.868760154675
1287,5367.802983539098
1288,4248.702698495359
1289,3653.5886622680587
1290,4119.498066598544
1291,4071.7318787341756
1292,2963.354042695521
1293,2373.0443532069253
1294,2306.3886992836465
1295,3265.4379550540284
1296,5263.573432098738
1297,7284.980091666192
1298,8835.589893004104
1299,9902.636329084744
1300,9972.64355990179
1301,9504.427695670873
1302,9550.091205182644
1303,10113.749746072914
1304,9664.961352061457
1305,8646.905499035513
1306,8147.409083981072
1307,7626.1470812376165
1308,7104.885078494162
1309,7085.177103973798
1310,7085.177103973725
1311,6545.619788275402
1312,6007.47508023026
1313,4935.423271450142
1314,4885.26387075141
1315,4852.027070473254
1316,2753.0922760416393
1317,2163.304473958334
1318,3123.4500282660015
1319,6084.231316684276
1320,10657.259363747442
1321,14331.607548392043
1322,18192.122297899015
1323,22261.12236657187
1324,24499.731505079788
1325,22424.13501234565
1326,17354.628590037217
1327,12533.516321292504
1328,9810.31423611113
1329,8699.203125000002
1330,8699.203125000002
1331,8699.203125000002
1332,8143.647569444478
1333,6457.215830563626
1334,5292.557946025711
1335,5238.030510476238
1336,6281.286389269976
1337,7357.97698956665
1338,7884.6420787036595
1339,8431.967181584365
1340,8979.29228446507
1341,9550.020885314281
1342,11219.557994208199
1343,12976.327567901222
1344,13087.700134735549
1345,12642.842382411236
1346,11048.341663511137
1347,9394.84418106993
1348,7715.831835391013
1349,3764.983221669766
1350,-1331.1547159851427
1351,-5260.801337143727
1352,-6932.5592233843745
1353,-7484.942748971222
1354,-8009.579576710388
1355,-9010.679016975319
1356,-10941.853422084541
1357,-12268.497402777735
1358,-13024.119664818663
1359,-14150.673257904211
1360,-14267.150695263645
1361,-10125.410383782933
1362,-2555.426385592914
1363,5638.779369131974
1364,13191.286651882338
1365,14439.781775205776
1366,9101.064391499034
1367,2242.003595486101
1368,-6333.127751088354
1369,-9555.781893004114
1370,-4193.2359811004535
1371,2156.5712817596363
1372,4535.172104804909
1373,2553.004752267186
1374,-1821.7556788194215
1375,-7246.263125038103
1376,-16041.990278227899
1377,-27022.24900792561
1378,-30028.947924108827
1379,-26695.136831790125
1380,-23300.44697412504
1381,-13762.369676573688
1382,943.6253718492787
1383,12899.210757604113
1384,16129.852823019073
1385,11408.488711629334
1386,7256.360104450067
1387,9262.113676573681
1388,15699.710812547628
1389,23444.816870344177
1390,27713.712215470692
1391,25259.97459272595
1392,18728.23387654319
1393,11890.108487204223
1394,6405.663622106487
1395,3393.3179430941527
1396,1119.1536276839588
1397,-1522.2491949755174
1398,-3367.5049228776097
1399,-5138.79466532112
1400,-6804.955249678496
1401,-7670.939299023124
1402,-9425.834080761311
1403,-14341.320045572324
1404,-22261.16461063482
1405,-24331.195400317683
1406,-17260.90268312757
1407,-6613.937074074075
1408,924.5591531802496
1409,2628.810557034468
1410,1707.7047357848421
1411,760.4999174859042
1412,190.57881707009358
1413,915.1132739840525
1414,4228.470964639537
1415,9884.509968621402
1416,15855.094043312276
1417,19488.416860082296
1418,18434.890798353914
1419,11853.341002984029
1420,2671.679146540638
1421,-6941.583551199813
1422,-12350.32418731186
1423,-7579.170407948007
1424,377.4608196421188
1425,6794.595820778084
1426,14387.912169045778
1427,17367.87253842545
1428,11282.045265908399
1429,3040.152947161737
1430,-4206.331511471665
1431,-12054.80678209066
1432,-19876.9336867284
1433,-20963.988213065364
1434,-17663.45006477671
1435,-8672.467036827464
1436,-191.1144383406711
1437,3725.384153351719
1438,4435.118120482302
1439,2670.3705037341874
1440,258.14422142441896
1441,-2544.6391548734946
1442,-3150.185630696537
1443,-1066.6302910879647
1444,924.4027777777778
1445,1569.1721780478395
1446,445.56974242921933
1447,-3378.292370525167
1448,-7473.46032664609
1449,-6573.40988290895
1450,-2521.136920991464
1451,-320.4519629629629
1452,-0.0
1453,0.0
1454,0.0
1455,0.0
1456,0.0
1457,0.0
1458,0.0
1459,0.0
1460,0.0
1461,0.0
1462,0.0
1463,0.0
1464,0.0
1465,0.0
1466,0.0
1467,0.0
1468,0.0
1469,0.0
1470,0.0
1471,0.0
1472,0.0
1473,0.0
1474,0.0
1475,0.0
1476,0.0
1477,0.0
1478,0.0
1479,770.596636621704
1480,1451.2323522328913
1481,1819.7924481095677
1482,1958.4718472484185
1483,2030.189131382411
1484,2154.5331272671856
1485,2542.65604846584
1486,3475.4978852237646
1487,4874.420478202159
1488,6814.202820168421
1489,9312.898714506175
1490,12161.922827224793
1491,15015.936319251541
1492,17212.604314617158
1493,18379.98463037504
1494,19008.612437307103
1495,18719.06887804831
1496,17973.19330013765
1497,16863.007536934652
1498,15063.773821180539
1499,12932.732624983319
1500,10530.948781447665
1501,9327.908082754635
1502,8797.419326448447
1503,8567.054690260147
1504,8716.484792695464
1505,8104.949074074079
1506,7832.7615934237365
1507,8308.908119474934
1508,9195.391996189595
1509,10509.222902451518
1510,13083.632039475704
1511,16669.926142939814
1512,20566.658662418075
1513,24419.189799313655
1514,26868.369536796497
1515,26675.089447118866
1516,23416.29797911908
1517,19692.98991445427
1518,16685.804447461807
1519,14453.885371082439
1520,12646.788654530535
1521,10730.061723765377
1522,8262.069906057113
1523,4688.260497637558
1524,-424.1370230147828
1525,-6986.825737251832
1526,-12319.536761316896
1527,-15419.315911998901
1528,-15072.304878391224
1529,-12102.389269928362
1530,-8049.461096574459
1531,-3374.144594200102
1532,1160.6229971231598
1533,5670.555555555539
1534,10705.6899440634
1535,16845.881463172555
1536,23535.68510531929
1537,29110.967552507256
1538,34337.193370370376
1539,38687.252621094354
1540,42336.84109076604
1541,45230.89604145705
1542,45348.61224883783
1543,42220.684783371966
1544,34810.44053819918
1545,26517.03118093657
1546,20786.89043209873
1547,17285.287923353913
1548,16796.85556460528
1549,17591.740362975826
1550,19025.71848803538
1551,20549.7758369985
1552,21454.882868446122
1553,21765.681835905354
1554,22040.29622289143
1555,23669.969284143448
1556,26030.447949074078
1557,28524.776634919017
1558,31798.089466966285
1559,35304.51663206825
1560,36863.52932098758
1561,37748.00505517453
1562,38646.77919996954
1563,40292.58286831275
1564,42034.94275983324
1565,43061.69738079185
1566,44873.111602430574
1567,45229.962670203146
1568,43873.612077572456
1569,43207.573879591575
1570,42453.49564248974
1571,41612.981087046086
1572,40687.76601923057
1573,38008.94695010282
1574,34269.59211783651
1575,31220.594021643046
1576,27192.914283950624
1577,23000.289747582792
1578,19563.28465432095
1579,17742.38090682876
1580,15930.305877057652
1581,14890.244349005923
1582,13896.832776427469
1583,11168.977213541693
1584,9263.464134125905
1585,7348.312757201631
1586,5429.167909529285
1587,4321.858713879845
1588,4840.943998397326
1589,6975.454176059341
1590,9141.653814621945
1591,11315.640358217604
1592,12752.486923499097
1593,14179.347225634954
1594,15670.238582835678
1595,14036.547032343047
1596,12340.543798584938
1597,9882.143401818086
1598,6583.827221707824
1599,4829.709104728684
1600,3076.6257576136063
1601,2081.2962078832356
1602,3338.0977666919366
1603,6100.839651941837
1604,8146.529661072473
1605,10930.706047115618
1606,13058.77104221924
1607,14450.439973765422
1608,15907.230097222233
1609,17364.02022067904
1610,18167.138669105305
1611,18935.03905446239
1612,21247.315378600844
1613,23615.107443377536
1614,26090.341138679305
1615,28639.881031438206
1616,32071.595002267197
1617,34907.901477778236
1618,37086.84571723299
1619,37040.03341001747
1620,35308.9768552645
1621,33487.16329142622
1622,30732.668758256706
1623,26243.494766958625
1624,20734.57377424122
1625,15894.009698426307
1626,8569.418510764439
1627,354.9108148147772
1628,-6221.397813652658
1629,-10372.896814509999
1630,-10614.398990547856
1631,-6366.628381365693
1632,45.63650501065241
1633,7139.50163826254
1634,12864.094093831038
1635,15006.745006927822
1636,15006.745006927722
1637,12799.658666666626
1638,10536.765710069529
1639,8978.531490714615
1640,8837.566333333298
1641,10865.725346745865
1642,14365.738189814858
1643,19387.30869910034
1644,23874.603370370296
1645,27777.425537320352
1646,31153.90493044369
1647,33908.660255448915
1648,36825.75208767958
1649,38356.63155275253
1650,39154.95385178753
1651,38419.08365545227
1652,36762.831175428175
1653,35800.547779968714
1654,33965.79804907787
1655,32793.307761621654
1656,33216.06837860089
1657,33642.8866526445
1658,34073.79018686173
1659,34508.8065843621
1660,34947.9634482548
1661,34557.26917725957
1662,34943.81821580885
1663,35389.545710074206
1664,34084.823807479916
1665,33563.25333988725
1666,32178.528008782967
1667,30674.191726851837
1668,30022.78899361749
1669,29315.127209345548
1670,28603.962049687558
1671,26970.155999485578
1672,26151.297713760803
1673,26200.820492150615
1674,25380.04126099545
1675,24509.67089062501
1676,23639.30052025456
1677,21852.39799557985
1678,20023.653941872435
1679,19023.84797794502
1680,18892.96759259265
1681,20486.978408371877
1682,23026.681407102507
1683,25611.043547020294
1684,29159.963204865948
1685,31098.122985120393
1686,31311.719785493806
1687,31526.408633878327
1688,29994.59352935906
1689,28349.81117314427
1690,27576.36022685196
1691,26750.094729621564
1692,26800.441396128554
1693,26850.85707040886
1694,26901.34180637494
1695,26951.895657938643
1696,27002.518679012264
1697,27053.21092350861
1698,26221.942267013368
1699,24457.88191036052
1700,22646.489387157697
1701,21672.060266991943
1702,21579.252132137302
1703,20609.49116309205
1704,20473.2679632678
1705,21256.59627284341
1706,21165.027851851813
1707,21944.78997818552
1708,22768.930149884243
1709,22722.082494894057
1710,24413.300457245005
1711,26200.820492150615
1712,27120.782001736094
1713,28965.025545369903
1714,29994.593529359187
1715,31028.894898379058
1716,32122.462008680537
1717,33222.62107440039
1718,34385.90168467079
1719,35557.779677914434
1720,35904.60941089625
1721,34404.06734341189
1722,31937.1366764784
1723,29348.127800030594
1724,26699.819969281092
1725,21249.362367931517
1726,13843.127418741162
1727,5462.018188481337
1728,-3820.5265884774526
1729,-12990.752852735473
1730,-18521.941512028985
1731,-20487.99831245231
1732,-20718.819513507788
1733,-19301.77272275334
1734,-17906.386656395287
1735,-17300.57273915938
1736,-18196.48156989456
1737,-18297.91478337193
1738,-17645.110509983184
1739,-16290.94991206317
1740,-12898.501200579216
1741,-8250.72171618276
1742,-5039.648999999915
1743,-3215.3074644037965
1744,-1406.4948683128107
1745,-907.2689823007128
1746,-1053.1918817253434
1747,65.14754166668628
1748,1193.2890351128256
1749,2302.622508439994
1750,4044.0739448254344
1751,4561.084248263891
1752,4464.754982300718
1753,4369.619874287933
1754,4275.672185185186
1755,4182.905175952123
1756,4091.3121075483937
1757,3410.3512615098093
1758,3307.4866657021958
1759,3223.034276882369
1760,2544.3278864502245
1761,2450.249965839798
1762,2357.798472184107
1763,2266.961760421416
1764,1615.3139193720654
1765,-154.81967573299136
1766,-3566.8823086419893
1767,-7996.773676166453
1768,-13318.580248456788
1769,-18825.47628238125
1770,-22854.67816788837
1771,-24019.81750023096
1772,-23163.2702408955
1773,-21410.259778999494
1774,-18535.496551761844
1775,-15512.907471707822
1776,-13867.678506687233
1777,-13736.358529320985
1778,-14896.64118744048
1779,-16713.00334567902
1780,-17739.473371592074
1781,-16926.34525456533
1782,-14530.293402987336
1783,-11497.672130620327
1784,-8517.848360279973
1785,-6577.630117000552
1786,-5597.433341118451
1787,-5046.823210943456
1788,-4826.169343171294
1789,-4975.432016306108
1790,-5305.568705551745
1791,-5487.941461917483
1792,-5124.038237332819
1793,-3809.241943351337
1794,-2849.7061300106693
1795,-0.0
1796,0.0
1797,0.0
1798,0.0
1799,0.0
1800,0.0
